ProblemSize, ExecutionTime
1000, 0.000415
2000, 0.001044
5000, 0.005319
7000, 0.006499
10000, 0.006667
