ProblemSize, ExecutionTime
1000, 0.000336
2000, 0.001506
5000, 0.002451
7000, 0.002512
10000, 0.003976
