ProblemSize, ExecutionTime
1000, 0.003887
2000, 0.012917
5000, 0.056144
7000, 0.096519
10000, 0.207467
